family,section_ref,chapter,ledger_status,body,in_v1,category,title
SBC-201,102,1,STUB,frontmatter_only,no,FRONTMATTER_ONLY_OR_STUB,"APPLICABILITY"
SBC-201,103,1,STUB,frontmatter_only,yes,FRONTMATTER_ONLY_OR_STUB,"CODE COMPLIANCE AGENCY"
SBC-201,104,1,STUB,frontmatter_only,no,FRONTMATTER_ONLY_OR_STUB,"DUTIES AND POWERS OF BUILDING OFFICIAL"
SBC-201,105,1,STUB,frontmatter_only,yes,FRONTMATTER_ONLY_OR_STUB,"PERMITS"
SBC-201,106,1,STUB,frontmatter_only,yes,FRONTMATTER_ONLY_OR_STUB,"FLOOR AND ROOF DESIGN LOADS"
SBC-201,107,1,STUB,frontmatter_only,yes,FRONTMATTER_ONLY_OR_STUB,"SUBMITTAL DOCUMENTS"
SBC-201,108,1,STUB,frontmatter_only,yes,FRONTMATTER_ONLY_OR_STUB,"TEMPORARY STRUCTURES AND USES"
SBC-201,109,1,STUB,frontmatter_only,no,FRONTMATTER_ONLY_OR_STUB,"FEES"
SBC-201,110,1,STUB,frontmatter_only,no,FRONTMATTER_ONLY_OR_STUB,"INSPECTIONS"
SBC-201,111,1,STUB,frontmatter_only,no,FRONTMATTER_ONLY_OR_STUB,"CERTIFICATE OF OCCUPANCY"
SBC-201,112,1,STUB,frontmatter_only,no,FRONTMATTER_ONLY_OR_STUB,"SERVICE UTILITIES"
SBC-201,113,1,STUB,frontmatter_only,no,FRONTMATTER_ONLY_OR_STUB,"MEANS OF APPEALS"
SBC-201,114,1,STUB,frontmatter_only,no,FRONTMATTER_ONLY_OR_STUB,"VIOLATIONS"
SBC-201,115,1,STUB,frontmatter_only,no,FRONTMATTER_ONLY_OR_STUB,"STOP WORK ORDER"
SBC-201,116,1,STUB,frontmatter_only,no,FRONTMATTER_ONLY_OR_STUB,"UNSAFE STRUCTURES AND EQUIPMENT"
SBC-201,201,2,STUB,frontmatter_only,yes,FRONTMATTER_ONLY_OR_STUB,"GENERAL"
SBC-201,202,2,STUB,frontmatter_only,no,FRONTMATTER_ONLY_OR_STUB,"DEFINITIONS"
SBC-201,301,3,STUB,frontmatter_only,yes,FRONTMATTER_ONLY_OR_STUB,"SCOPE."
SBC-201,302,3,STUB,frontmatter_only,yes,FRONTMATTER_ONLY_OR_STUB,"OCCUPANCY CLASSIFICATION AND USE DESIGNATION"
SBC-201,303,3,STUB,frontmatter_only,yes,FRONTMATTER_ONLY_OR_STUB,"ASSEMBLY GROUP A"
SBC-201,304,3,STUB,frontmatter_only,yes,FRONTMATTER_ONLY_OR_STUB,"BUSINESS GROUP B"
SBC-201,305,3,STUB,frontmatter_only,yes,FRONTMATTER_ONLY_OR_STUB,"EDUCATIONAL GROUP E"
SBC-201,306,3,STUB,frontmatter_only,yes,FRONTMATTER_ONLY_OR_STUB,"FACTORY GROUP F"
SBC-201,307,3,STUB,frontmatter_only,yes,FRONTMATTER_ONLY_OR_STUB,"HIGH-HAZARD GROUP H"
SBC-201,308,3,STUB,frontmatter_only,yes,FRONTMATTER_ONLY_OR_STUB,"INSTITUTIONAL GROUP I"
SBC-201,309,3,STUB,frontmatter_only,no,FRONTMATTER_ONLY_OR_STUB,"MERCANTILE GROUP M"
SBC-201,310,3,STUB,frontmatter_only,yes,FRONTMATTER_ONLY_OR_STUB,"RESIDENTIAL GROUP R"
SBC-201,311,3,STUB,frontmatter_only,yes,FRONTMATTER_ONLY_OR_STUB,"STORAGE GROUP S"
SBC-201,312,3,STUB,frontmatter_only,yes,FRONTMATTER_ONLY_OR_STUB,"UTILITY AND MISCELLANEOUS GROUP U"
SBC-201,401,4,STUB,frontmatter_only,no,FRONTMATTER_ONLY_OR_STUB,"SCOPE"
SBC-201,402,4,STUB,frontmatter_only,no,FRONTMATTER_ONLY_OR_STUB,"COVERED MALL AND OPEN MALL BUILDINGS"
SBC-201,404,4,STUB,frontmatter_only,yes,FRONTMATTER_ONLY_OR_STUB,"ATRIUMS"
SBC-201,405,4,EXISTS_CANONICAL,verbatim_present,yes,CANONICAL_IN_V1_AND_PRIMARY,"UNDERGROUND"
SBC-201,406,4,STUB,frontmatter_only,yes,FRONTMATTER_ONLY_OR_STUB,"MOTOR-VEHICLE-RELATED OCCUPANCIES"
SBC-201,407,4,STUB,frontmatter_only,yes,FRONTMATTER_ONLY_OR_STUB,"GROUP I-2"
SBC-201,408,4,STUB,frontmatter_only,yes,FRONTMATTER_ONLY_OR_STUB,"GROUP I-3"
SBC-201,409,4,STUB,frontmatter_only,yes,FRONTMATTER_ONLY_OR_STUB,"MOTION PICTURE PROJECTION ROOMS"
SBC-201,410,4,STUB,frontmatter_only,yes,FRONTMATTER_ONLY_OR_STUB,"STAGES  PLATFORMS AND TECHNICAL PRODUCTION AREAS"
SBC-201,411,4,STUB,frontmatter_only,yes,FRONTMATTER_ONLY_OR_STUB,"SPECIAL AMUSEMENT AREAS"
SBC-201,412,4,STUB,frontmatter_only,yes,FRONTMATTER_ONLY_OR_STUB,"AIRCRAFT-RELATED OCCUPANCIES"
SBC-201,413,4,STUB,frontmatter_only,yes,FRONTMATTER_ONLY_OR_STUB,"COMBUSTIBLE STORAGE"
SBC-201,414,4,STUB,frontmatter_only,yes,FRONTMATTER_ONLY_OR_STUB,"HAZARDOUS MATERIALS"
SBC-201,415,4,STUB,frontmatter_only,yes,FRONTMATTER_ONLY_OR_STUB,"GROUPS H-1  H-2  H-3  H-4 AND H-5"
SBC-201,416,4,STUB,frontmatter_only,yes,FRONTMATTER_ONLY_OR_STUB,"SPRAY APPLICATION OF FLAMMABLE FINISHES"
SBC-201,417,4,STUB,frontmatter_only,yes,FRONTMATTER_ONLY_OR_STUB,"DRYING ROOMS"
SBC-201,418,4,STUB,frontmatter_only,yes,FRONTMATTER_ONLY_OR_STUB,"ORGANIC COATINGS"
SBC-201,419,4,STUB,frontmatter_only,yes,FRONTMATTER_ONLY_OR_STUB,"ARTIFICIAL DECORATIVE VEGETATION"
SBC-201,420,4,STUB,frontmatter_only,yes,FRONTMATTER_ONLY_OR_STUB,"GROUPS I-1  R-1  R-2  R-3 AND R-4"
SBC-201,421,4,STUB,frontmatter_only,yes,FRONTMATTER_ONLY_OR_STUB,"HYDROGEN FUEL GAS ROOMS"
SBC-201,422,4,STUB,frontmatter_only,yes,FRONTMATTER_ONLY_OR_STUB,"AMBULATORY CARE FACILITIES"
SBC-201,423,4,STUB,frontmatter_only,yes,FRONTMATTER_ONLY_OR_STUB,"STORM SHELTERS"
SBC-201,424,4,STUB,frontmatter_only,yes,FRONTMATTER_ONLY_OR_STUB,"PLAY STRUCTURES"
SBC-201,425,4,STUB,frontmatter_only,yes,FRONTMATTER_ONLY_OR_STUB,"HYPERBARIC FACILITIES"
SBC-201,426,4,STUB,frontmatter_only,yes,FRONTMATTER_ONLY_OR_STUB,"COMBUSTIBLE DUSTS  GRAIN PROCESSING AND STORAGE"
SBC-201,427,4,STUB,frontmatter_only,yes,FRONTMATTER_ONLY_OR_STUB,"MEDICAL GAS SYSTEMS"
SBC-201,428,4,STUB,frontmatter_only,yes,FRONTMATTER_ONLY_OR_STUB,"HIGHER EDUCATION LABORATORIES"
SBC-201,503,5,EXISTS_CANONICAL,verbatim_present,yes,CANONICAL_IN_V1_AND_PRIMARY,"GENERAL BUILDING"
SBC-201,504,5,EXISTS_CANONICAL,verbatim_present,yes,CANONICAL_IN_V1_AND_PRIMARY,"BUILDING HEIGHT AND"
SBC-201,506,5,EXISTS_CANONICAL,verbatim_present,yes,CANONICAL_IN_V1_AND_PRIMARY,"BUILDING AREA"
SBC-201,601,6,EXISTS_CANONICAL,verbatim_present,yes,CANONICAL_IN_V1_AND_PRIMARY,"GENERAL"
SBC-201,602,6,EXISTS_CANONICAL,verbatim_present,yes,CANONICAL_IN_V1_AND_PRIMARY,"CONSTRUCTION"
SBC-201,702,7,EXISTS_CANONICAL,verbatim_present,yes,CANONICAL_IN_V1_AND_PRIMARY,"MULTIPLE USE FIRE"
SBC-201,703,7,EXISTS_CANONICAL,verbatim_present,yes,CANONICAL_IN_V1_AND_PRIMARY,"FIRE-RESISTANCE"
SBC-201,708,7,EXISTS_CANONICAL,verbatim_present,yes,CANONICAL_IN_V1_AND_PRIMARY,"FIRE PARTITIONS"
SBC-201,716,7,EXISTS_CANONICAL,verbatim_present,yes,CANONICAL_IN_V1_AND_PRIMARY,"OPENING PROTECTIVES"
SBC-201,913,9,EXISTS_CANONICAL,verbatim_present,yes,CANONICAL_IN_V1_AND_PRIMARY,"FIRE PUMPS"
SBC-201,,10,EXISTS_CANONICAL,verbatim_present,no,CANONICAL_PRIMARY_ONLY,"MAXIMUM FLOOR AREA ALLOWANCES PER OCCUPANT"
SBC-201,,10,EXISTS_CANONICAL,verbatim_present,no,CANONICAL_PRIMARY_ONLY,"MINIMUM NUMBER OF EXITS OR ACCESS TO EXITS PER STORY"
SBC-201,,5,EXISTS_CANONICAL,verbatim_present,no,CANONICAL_PRIMARY_ONLY,"ALLOWABLE BUILDING HEIGHT IN METERS ABOVE GRADE PLANEa"
SBC-201,,5,EXISTS_CANONICAL,verbatim_present,no,CANONICAL_PRIMARY_ONLY,"ALLOWABLE NUMBER OF STORIES ABOVE GRADE PLANEa b"
SBC-201,,5,EXISTS_CANONICAL,verbatim_present,no,CANONICAL_PRIMARY_ONLY,"a  b"
SBC-201,203,2,QUARANTINED,frontmatter_only,no,QUARANTINED_NEEDS_REVIEW,""
SBC-201,204,2,QUARANTINED,frontmatter_only,no,QUARANTINED_NEEDS_REVIEW,""
SBC-201,205,2,QUARANTINED,frontmatter_only,no,QUARANTINED_NEEDS_REVIEW,""
SBC-201,206,2,QUARANTINED,frontmatter_only,no,QUARANTINED_NEEDS_REVIEW,""
SBC-201,207,2,QUARANTINED,frontmatter_only,no,QUARANTINED_NEEDS_REVIEW,""
SBC-201,429,4,QUARANTINED,frontmatter_only,no,QUARANTINED_NEEDS_REVIEW,""
SBC-201,501,5,EXISTS_CANONICAL,verbatim_present,yes,CANONICAL_IN_V1_AND_PRIMARY,"GENERAL"
SBC-201,502,5,EXISTS_CANONICAL,verbatim_present,yes,CANONICAL_IN_V1_AND_PRIMARY,"BUILDING ADDRESS"
SBC-201,505,5,EXISTS_CANONICAL,verbatim_present,yes,CANONICAL_IN_V1_AND_PRIMARY,"MEZZANINES AND"
SBC-201,507,5,EXISTS_CANONICAL,verbatim_present,yes,CANONICAL_IN_V1_AND_PRIMARY,"UNLIMITED AREA"
SBC-201,508,5,EXISTS_CANONICAL,verbatim_present,yes,CANONICAL_IN_V1_AND_PRIMARY,"MIXED USE AND"
SBC-201,509,5,EXISTS_CANONICAL,verbatim_present,yes,CANONICAL_IN_V1_AND_PRIMARY,"INCIDENTAL USES"
SBC-201,510,5,EXISTS_CANONICAL,verbatim_present,yes,CANONICAL_IN_V1_AND_PRIMARY,"SPECIAL PROVISIONS"
SBC-201,603,6,EXISTS_CANONICAL,verbatim_present,yes,CANONICAL_IN_V1_AND_PRIMARY,"COMBUSTIBLE"
SBC-201,701,7,EXISTS_CANONICAL,verbatim_present,yes,CANONICAL_IN_V1_AND_PRIMARY,"GENERAL"
SBC-201,704,7,EXISTS_CANONICAL,verbatim_present,yes,CANONICAL_IN_V1_AND_PRIMARY,"FIRE-RESISTANCE"
SBC-201,705,7,EXISTS_CANONICAL,verbatim_present,yes,CANONICAL_IN_V1_AND_PRIMARY,"EXTERIOR WALLS"
SBC-201,706,7,EXISTS_CANONICAL,verbatim_present,yes,CANONICAL_IN_V1_AND_PRIMARY,"FIRE WALLS"
SBC-201,707,7,EXISTS_CANONICAL,verbatim_present,yes,CANONICAL_IN_V1_AND_PRIMARY,"FIRE BARRIERS"
SBC-201,709,7,EXISTS_CANONICAL,verbatim_present,yes,CANONICAL_IN_V1_AND_PRIMARY,"SMOKE BARRIERS"
SBC-201,710,7,EXISTS_CANONICAL,verbatim_present,yes,CANONICAL_IN_V1_AND_PRIMARY,"SMOKE PARTITIONS"
SBC-201,711,7,EXISTS_CANONICAL,verbatim_present,yes,CANONICAL_IN_V1_AND_PRIMARY,"HORIZONTAL"
SBC-201,712,7,EXISTS_CANONICAL,verbatim_present,yes,CANONICAL_IN_V1_AND_PRIMARY,"VERTICAL OPENINGS"
SBC-201,713,7,EXISTS_CANONICAL,verbatim_present,yes,CANONICAL_IN_V1_AND_PRIMARY,"SHAFT ENCLOSURES"
SBC-201,714,7,EXISTS_CANONICAL,verbatim_present,yes,CANONICAL_IN_V1_AND_PRIMARY,"PENETRATIONS"
SBC-201,715,7,EXISTS_CANONICAL,verbatim_present,yes,CANONICAL_IN_V1_AND_PRIMARY,"FIRE-RESISTANT JOINT"
SBC-201,717,7,EXISTS_CANONICAL,verbatim_present,yes,CANONICAL_IN_V1_AND_PRIMARY,"DUCTS AND AIR"
SBC-201,718,7,EXISTS_CANONICAL,verbatim_present,yes,CANONICAL_IN_V1_AND_PRIMARY,"CONCEALED SPACES"
SBC-201,719,7,EXISTS_CANONICAL,verbatim_present,yes,CANONICAL_IN_V1_AND_PRIMARY,"FIRE-RESISTANCE"
SBC-201,720,7,EXISTS_CANONICAL,verbatim_present,yes,CANONICAL_IN_V1_AND_PRIMARY,"THERMAL- AND SOUND-"
SBC-201,721,7,EXISTS_CANONICAL,verbatim_present,yes,CANONICAL_IN_V1_AND_PRIMARY,"PRESCRIPTIVE FIRE"
SBC-201,722,7,EXISTS_CANONICAL,verbatim_present,yes,CANONICAL_IN_V1_AND_PRIMARY,"CALCULATED FIRE"
SBC-201,1001,10,EXISTS_CANONICAL,verbatim_present,yes,CANONICAL_IN_V1_AND_PRIMARY,"ADMINISTRATION"
SBC-201,1002,10,EXISTS_CANONICAL,verbatim_present,yes,CANONICAL_IN_V1_AND_PRIMARY,"MAINTENANCE AND"
SBC-201,1003,10,EXISTS_CANONICAL,verbatim_present,yes,CANONICAL_IN_V1_AND_PRIMARY,"GENERAL MEANS OF"
SBC-201,1004,10,EXISTS_CANONICAL,verbatim_present,yes,CANONICAL_IN_V1_AND_PRIMARY,"OCCUPANT LOAD"
SBC-201,1005,10,EXISTS_CANONICAL,verbatim_present,yes,CANONICAL_IN_V1_AND_PRIMARY,"MEANS OF EGRESS"
SBC-201,1006,10,EXISTS_CANONICAL,verbatim_present,yes,CANONICAL_IN_V1_AND_PRIMARY,"NUMBER OF EXITS"
SBC-201,1007,10,EXISTS_CANONICAL,verbatim_present,yes,CANONICAL_IN_V1_AND_PRIMARY,"EXIT AND EXIT"
SBC-201,1008,10,EXISTS_CANONICAL,verbatim_present,yes,CANONICAL_IN_V1_AND_PRIMARY,"MEANS OF EGRESS"
SBC-201,1009,10,EXISTS_CANONICAL,verbatim_present,yes,CANONICAL_IN_V1_AND_PRIMARY,"ACCESSIBLE MEANS"
SBC-201,1010,10,EXISTS_CANONICAL,verbatim_present,yes,CANONICAL_IN_V1_AND_PRIMARY,"DOORS  GATES AND"
SBC-201,1011,10,EXISTS_CANONICAL,verbatim_present,yes,CANONICAL_IN_V1_AND_PRIMARY,"STAIRWAYS"
SBC-201,1012,10,EXISTS_CANONICAL,verbatim_present,yes,CANONICAL_IN_V1_AND_PRIMARY,"RAMPS"
SBC-201,1013,10,EXISTS_CANONICAL,verbatim_present,yes,CANONICAL_IN_V1_AND_PRIMARY,"EXIT SIGNS"
SBC-201,1014,10,EXISTS_CANONICAL,verbatim_present,yes,CANONICAL_IN_V1_AND_PRIMARY,"HANDRAILS"
SBC-201,1015,10,EXISTS_CANONICAL,verbatim_present,yes,CANONICAL_IN_V1_AND_PRIMARY,"GUARDS"
SBC-201,1016,10,EXISTS_CANONICAL,verbatim_present,yes,CANONICAL_IN_V1_AND_PRIMARY,"EXIT ACCESS"
SBC-201,1017,10,EXISTS_CANONICAL,verbatim_present,yes,CANONICAL_IN_V1_AND_PRIMARY,"EXIT ACCESS TRAVEL"
SBC-201,1018,10,EXISTS_CANONICAL,verbatim_present,yes,CANONICAL_IN_V1_AND_PRIMARY,"AISLES"
SBC-201,1019,10,EXISTS_CANONICAL,verbatim_present,yes,CANONICAL_IN_V1_AND_PRIMARY,"EXIT ACCESS"
SBC-201,1020,10,EXISTS_CANONICAL,verbatim_present,yes,CANONICAL_IN_V1_AND_PRIMARY,"CORRIDORS"
SBC-201,1021,10,EXISTS_CANONICAL,verbatim_present,yes,CANONICAL_IN_V1_AND_PRIMARY,"EGRESS BALCONIES"
SBC-201,1022,10,EXISTS_CANONICAL,verbatim_present,yes,CANONICAL_IN_V1_AND_PRIMARY,"EXITS"
SBC-201,1023,10,EXISTS_CANONICAL,verbatim_present,yes,CANONICAL_IN_V1_AND_PRIMARY,"INTERIOR EXIT"
SBC-201,1024,10,EXISTS_CANONICAL,verbatim_present,yes,CANONICAL_IN_V1_AND_PRIMARY,"EXIT PASSAGEWAYS"
SBC-201,1025,10,EXISTS_CANONICAL,verbatim_present,yes,CANONICAL_IN_V1_AND_PRIMARY,"LUMINOUS EGRESS"
SBC-201,1026,10,EXISTS_CANONICAL,verbatim_present,yes,CANONICAL_IN_V1_AND_PRIMARY,"HORIZONTAL EXITS"
SBC-201,1027,10,EXISTS_CANONICAL,verbatim_present,yes,CANONICAL_IN_V1_AND_PRIMARY,"EXTERIOR EXIT"
SBC-201,1028,10,EXISTS_CANONICAL,verbatim_present,yes,CANONICAL_IN_V1_AND_PRIMARY,"EXIT DISCHARGE"
SBC-201,1029,10,EXISTS_CANONICAL,verbatim_present,yes,CANONICAL_IN_V1_AND_PRIMARY,"EGRESS COURTS"
SBC-201,1030,10,EXISTS_CANONICAL,verbatim_present,yes,CANONICAL_IN_V1_AND_PRIMARY,"ASSEMBLY"
SBC-201,1031,10,EXISTS_CANONICAL,verbatim_present,yes,CANONICAL_IN_V1_AND_PRIMARY,"EMERGENCY ESCAPE"
SBC-201,901,9,EXISTS_CANONICAL,verbatim_present,yes,CANONICAL_IN_V1_AND_PRIMARY,"GENERAL"
SBC-201,902,9,EXISTS_CANONICAL,verbatim_present,yes,CANONICAL_IN_V1_AND_PRIMARY,"FIRE PUMP AND RISER"
SBC-201,903,9,EXISTS_CANONICAL,verbatim_present,yes,CANONICAL_IN_V1_AND_PRIMARY,"AUTOMATIC SPRINKLER"
SBC-201,904,9,EXISTS_CANONICAL,verbatim_present,yes,CANONICAL_IN_V1_AND_PRIMARY,"ALTERNATIVE"
SBC-201,905,9,EXISTS_CANONICAL,verbatim_present,yes,CANONICAL_IN_V1_AND_PRIMARY,"STANDPIPE SYSTEMS"
SBC-201,906,9,EXISTS_CANONICAL,verbatim_present,yes,CANONICAL_IN_V1_AND_PRIMARY,"PORTABLE FIRE"
SBC-201,907,9,EXISTS_CANONICAL,verbatim_present,yes,CANONICAL_IN_V1_AND_PRIMARY,"FIRE ALARM AND"
SBC-201,908,9,EXISTS_CANONICAL,verbatim_present,yes,CANONICAL_IN_V1_AND_PRIMARY,"EMERGENCY ALARM"
SBC-201,909,9,EXISTS_CANONICAL,verbatim_present,yes,CANONICAL_IN_V1_AND_PRIMARY,"SMOKE CONTROL"
SBC-201,910,9,EXISTS_CANONICAL,verbatim_present,yes,CANONICAL_IN_V1_AND_PRIMARY,"SMOKE AND HEAT"
SBC-201,911,9,EXISTS_CANONICAL,verbatim_present,yes,CANONICAL_IN_V1_AND_PRIMARY,"FIRE COMMAND"
SBC-201,912,9,EXISTS_CANONICAL,verbatim_present,yes,CANONICAL_IN_V1_AND_PRIMARY,"FIRE DEPARTMENT"
SBC-201,914,9,EXISTS_CANONICAL,verbatim_present,yes,CANONICAL_IN_V1_AND_PRIMARY,"EMERGENCY"
SBC-201,915,9,EXISTS_CANONICAL,verbatim_present,yes,CANONICAL_IN_V1_AND_PRIMARY,"CARBON MONOXIDE"
SBC-201,916,9,EXISTS_CANONICAL,verbatim_present,yes,CANONICAL_IN_V1_AND_PRIMARY,"DETECTION SYSTEMS"
SBC-201,917,9,EXISTS_CANONICAL,verbatim_present,yes,CANONICAL_IN_V1_AND_PRIMARY,"MASS NOTIFICATION"
SBC-201,918,9,STUB,frontmatter_only,no,FRONTMATTER_ONLY_OR_STUB,"EMERGENCY"
SBC-201,801,8,STUB,frontmatter_only,no,FRONTMATTER_ONLY_OR_STUB,"SCOPE"
SBC-201,802,8,EXISTS_CANONICAL,verbatim_present,yes,CANONICAL_IN_V1_AND_PRIMARY,"GENERAL"
SBC-201,803,8,EXISTS_CANONICAL,verbatim_present,yes,CANONICAL_IN_V1_AND_PRIMARY,"WALL AND CEILING"
SBC-201,804,8,EXISTS_CANONICAL,verbatim_present,yes,CANONICAL_IN_V1_AND_PRIMARY,"INTERIOR FLOOR FINISH"
SBC-201,805,8,EXISTS_CANONICAL,verbatim_present,yes,CANONICAL_IN_V1_AND_PRIMARY,"COMBUSTIBLE"
SBC-201,806,8,EXISTS_CANONICAL,verbatim_present,yes,CANONICAL_IN_V1_AND_PRIMARY,"DECORATIVE"
SBC-201,807,8,STUB,frontmatter_only,no,FRONTMATTER_ONLY_OR_STUB,"INSULATION"
SBC-201,808,8,EXISTS_CANONICAL,verbatim_present,yes,CANONICAL_IN_V1_AND_PRIMARY,"ACOUSTICAL CEILING"
SBC-801,901,9,EXISTS_CANONICAL,substantive,yes,CANONICAL_IN_V1_AND_PRIMARY,"901"
SBC-801,901.2,9,QUARANTINED_UNVERIFIABLE,stub,no,QUARANTINED_NEEDS_REVIEW,"901.2"
SBC-801,901.6,9,QUARANTINED_UNVERIFIABLE,stub,no,QUARANTINED_NEEDS_REVIEW,"901.6"
SBC-801,901.6.2,9,QUARANTINED_UNVERIFIABLE,stub,no,QUARANTINED_NEEDS_REVIEW,"901.6.2"
SBC-801,901.7.1,9,QUARANTINED_UNVERIFIABLE,stub,no,QUARANTINED_NEEDS_REVIEW,"901.7.1"
SBC-801,902,9,EXISTS_CANONICAL,substantive,yes,CANONICAL_IN_V1_AND_PRIMARY,"902"
SBC-801,903,9,EXISTS_CANONICAL,substantive,yes,CANONICAL_IN_V1_AND_PRIMARY,"903"
SBC-801,903.2,9,QUARANTINED_UNVERIFIABLE,stub,no,QUARANTINED_NEEDS_REVIEW,"903.2"
SBC-801,903.3.1.1,9,QUARANTINED_UNVERIFIABLE,stub,no,QUARANTINED_NEEDS_REVIEW,"903.3.1.1"
SBC-801,903.3.1.3,9,QUARANTINED_UNVERIFIABLE,stub,no,QUARANTINED_NEEDS_REVIEW,"903.3.1.3"
SBC-801,904,9,EXISTS_CANONICAL,substantive,yes,CANONICAL_IN_V1_AND_PRIMARY,"904"
SBC-801,904.7,9,QUARANTINED_UNVERIFIABLE,stub,no,QUARANTINED_NEEDS_REVIEW,"904.7"
SBC-801,904.10,9,QUARANTINED_UNVERIFIABLE,stub,no,QUARANTINED_NEEDS_REVIEW,"904.10"
SBC-801,904.13,9,QUARANTINED_UNVERIFIABLE,stub,no,QUARANTINED_NEEDS_REVIEW,"904.13"
SBC-801,905,9,EXISTS_CANONICAL,substantive,yes,CANONICAL_IN_V1_AND_PRIMARY,"905"
SBC-801,906,9,EXISTS_CANONICAL,substantive,yes,CANONICAL_IN_V1_AND_PRIMARY,"906"
SBC-801,907,9,EXISTS_CANONICAL,substantive,yes,CANONICAL_IN_V1_AND_PRIMARY,"907"
SBC-801,907.2.11,9,QUARANTINED_UNVERIFIABLE,stub,no,QUARANTINED_NEEDS_REVIEW,"907.2.11"
SBC-801,907.3,9,QUARANTINED_UNVERIFIABLE,stub,no,QUARANTINED_NEEDS_REVIEW,"907.3"
SBC-801,907.5.2.1.1,9,QUARANTINED_UNVERIFIABLE,stub,no,QUARANTINED_NEEDS_REVIEW,"907.5.2.1.1"
SBC-801,907.5.2.2,9,QUARANTINED_UNVERIFIABLE,stub,no,QUARANTINED_NEEDS_REVIEW,"907.5.2.2"
SBC-801,908,9,EXISTS_CANONICAL,substantive,yes,CANONICAL_IN_V1_AND_PRIMARY,"908"
SBC-801,909,9,EXISTS_CANONICAL,substantive,yes,CANONICAL_IN_V1_AND_PRIMARY,"909"
SBC-801,910,9,EXISTS_CANONICAL,substantive,yes,CANONICAL_IN_V1_AND_PRIMARY,"910"
SBC-801,911,9,EXISTS_CANONICAL,substantive,yes,CANONICAL_IN_V1_AND_PRIMARY,"911"
SBC-801,912,9,EXISTS_CANONICAL,substantive,yes,CANONICAL_IN_V1_AND_PRIMARY,"912"
SBC-801,913,9,EXISTS_CANONICAL,substantive,yes,CANONICAL_IN_V1_AND_PRIMARY,"913"
SBC-801,914,9,EXISTS_CANONICAL,substantive,yes,CANONICAL_IN_V1_AND_PRIMARY,"914"
SBC-801,914.8.3,9,QUARANTINED_UNVERIFIABLE,stub,no,QUARANTINED_NEEDS_REVIEW,"914.8.3"
SBC-801,915,9,EXISTS_CANONICAL,substantive,yes,CANONICAL_IN_V1_AND_PRIMARY,"915"
SBC-801,915.5.1,9,QUARANTINED_UNVERIFIABLE,stub,no,QUARANTINED_NEEDS_REVIEW,"915.5.1"
SBC-801,916,9,EXISTS_CANONICAL,substantive,yes,CANONICAL_IN_V1_AND_PRIMARY,"916"
SBC-801,917,9,EXISTS_CANONICAL,substantive,yes,CANONICAL_IN_V1_AND_PRIMARY,"917"
SBC-801,1001,10,EXISTS_CANONICAL,substantive,yes,CANONICAL_IN_V1_AND_PRIMARY,"1001"
SBC-801,1002,10,EXISTS_CANONICAL,substantive,yes,CANONICAL_IN_V1_AND_PRIMARY,"1002"
SBC-801,1003,10,EXISTS_CANONICAL,substantive,yes,CANONICAL_IN_V1_AND_PRIMARY,"1003"
SBC-801,1004,10,EXISTS_CANONICAL,substantive,yes,CANONICAL_IN_V1_AND_PRIMARY,"1004"
SBC-801,1005,10,EXISTS_CANONICAL,substantive,yes,CANONICAL_IN_V1_AND_PRIMARY,"1005"
SBC-801,1006,10,EXISTS_CANONICAL,substantive,yes,CANONICAL_IN_V1_AND_PRIMARY,"1006"
SBC-801,1006.2.2.1,10,QUARANTINED_UNVERIFIABLE,stub,no,QUARANTINED_NEEDS_REVIEW,"1006.2.2.1"
SBC-801,1007,10,EXISTS_CANONICAL,substantive,yes,CANONICAL_IN_V1_AND_PRIMARY,"1007"
SBC-801,1007.1.1,10,QUARANTINED_UNVERIFIABLE,stub,no,QUARANTINED_NEEDS_REVIEW,"1007.1.1"
SBC-801,1008,10,EXISTS_CANONICAL,substantive,yes,CANONICAL_IN_V1_AND_PRIMARY,"1008"
SBC-801,1009,10,EXISTS_CANONICAL,substantive,yes,CANONICAL_IN_V1_AND_PRIMARY,"1009"
SBC-801,1010,10,EXISTS_CANONICAL,substantive,yes,CANONICAL_IN_V1_AND_PRIMARY,"1010"
SBC-801,1010.1.2.1,10,EXISTS_CANONICAL,substantive,yes,CANONICAL_IN_V1_AND_PRIMARY,"1010.1.2.1"
SBC-801,1010.2.9,10,PRESENT_BUT_NOT_CANONICAL,stub,no,FRONTMATTER_ONLY_OR_STUB,"1010.2.9"
SBC-801,1011,10,EXISTS_CANONICAL,substantive,yes,CANONICAL_IN_V1_AND_PRIMARY,"1011"
SBC-801,1012,10,EXISTS_CANONICAL,substantive,yes,CANONICAL_IN_V1_AND_PRIMARY,"1012"
SBC-801,1013,10,EXISTS_CANONICAL,substantive,yes,CANONICAL_IN_V1_AND_PRIMARY,"1013"
SBC-801,1013.5,10,EXISTS_CANONICAL,substantive,yes,CANONICAL_IN_V1_AND_PRIMARY,"1013.5"
SBC-801,1014,10,EXISTS_CANONICAL,substantive,yes,CANONICAL_IN_V1_AND_PRIMARY,"1014"
SBC-801,1015,10,EXISTS_CANONICAL,substantive,yes,CANONICAL_IN_V1_AND_PRIMARY,"1015"
SBC-801,1016,10,EXISTS_CANONICAL,substantive,yes,CANONICAL_IN_V1_AND_PRIMARY,"1016"
SBC-801,1017,10,EXISTS_CANONICAL,substantive,yes,CANONICAL_IN_V1_AND_PRIMARY,"1017"
SBC-801,1017.3.1,10,PRESENT_BUT_NOT_CANONICAL,stub,no,FRONTMATTER_ONLY_OR_STUB,"1017.3.1"
SBC-801,1018,10,EXISTS_CANONICAL,substantive,yes,CANONICAL_IN_V1_AND_PRIMARY,"1018"
SBC-801,1019,10,EXISTS_CANONICAL,substantive,yes,CANONICAL_IN_V1_AND_PRIMARY,"1019"
SBC-801,1020,10,EXISTS_CANONICAL,substantive,yes,CANONICAL_IN_V1_AND_PRIMARY,"1020"
SBC-801,1021,10,EXISTS_CANONICAL,substantive,yes,CANONICAL_IN_V1_AND_PRIMARY,"1021"
SBC-801,1022,10,EXISTS_CANONICAL,substantive,yes,CANONICAL_IN_V1_AND_PRIMARY,"1022"
SBC-801,1023,10,EXISTS_CANONICAL,substantive,yes,CANONICAL_IN_V1_AND_PRIMARY,"1023"
SBC-801,1024,10,EXISTS_CANONICAL,substantive,yes,CANONICAL_IN_V1_AND_PRIMARY,"1024"
SBC-801,1025,10,EXISTS_CANONICAL,substantive,yes,CANONICAL_IN_V1_AND_PRIMARY,"1025"
SBC-801,1026,10,EXISTS_CANONICAL,substantive,yes,CANONICAL_IN_V1_AND_PRIMARY,"1026"
SBC-801,1027,10,EXISTS_CANONICAL,substantive,yes,CANONICAL_IN_V1_AND_PRIMARY,"1027"
SBC-801,1027.6,10,PRESENT_BUT_NOT_CANONICAL,stub,no,FRONTMATTER_ONLY_OR_STUB,"1027.6"
SBC-801,1028,10,EXISTS_CANONICAL,substantive,yes,CANONICAL_IN_V1_AND_PRIMARY,"1028"
SBC-801,1029,10,EXISTS_CANONICAL,substantive,yes,CANONICAL_IN_V1_AND_PRIMARY,"1029"
SBC-801,1029,10,EXISTS_CANONICAL,substantive,yes,CANONICAL_IN_V1_AND_PRIMARY,"1029"
SBC-801,1029.1.1,10,PRESENT_BUT_NOT_CANONICAL,stub,no,FRONTMATTER_ONLY_OR_STUB,"1029.1.1"
SBC-801,1030,10,EXISTS_CANONICAL,substantive,yes,CANONICAL_IN_V1_AND_PRIMARY,"1030"
SBC-801,1030.1.1,10,PRESENT_BUT_NOT_CANONICAL,stub,no,FRONTMATTER_ONLY_OR_STUB,"1030.1.1"
SBC-801,1031,10,EXISTS_CANONICAL,substantive,yes,CANONICAL_IN_V1_AND_PRIMARY,"1031"
SBC-801,1031.3.3,10,PRESENT_BUT_NOT_CANONICAL,stub,no,FRONTMATTER_ONLY_OR_STUB,"1031.3.3"
SBC-801,1032,10,EXISTS_CANONICAL,substantive,yes,CANONICAL_IN_V1_AND_PRIMARY,"1032"
SBC-801,1101,11,EXISTS_CANONICAL,substantive,yes,CANONICAL_IN_V1_AND_PRIMARY,"1101"
SBC-801,1102,11,EXISTS_CANONICAL,substantive,yes,CANONICAL_IN_V1_AND_PRIMARY,"1102"
SBC-801,1103,11,EXISTS_CANONICAL,substantive,yes,CANONICAL_IN_V1_AND_PRIMARY,"1103"
SBC-801,1103.1.1,11,PRESENT_BUT_NOT_CANONICAL,stub,no,FRONTMATTER_ONLY_OR_STUB,"1103.1.1"
SBC-801,1103.1.1,11,QUARANTINED_UNVERIFIABLE,stub,no,QUARANTINED_NEEDS_REVIEW,"1103.1.1"
SBC-801,1104,11,PRESENT_BUT_NOT_CANONICAL,substantive,yes,EXTRACTED_IN_V1_NOT_PROMOTED,"1104"
SBC-801,1104,11,EXISTS_CANONICAL,substantive,yes,CANONICAL_IN_V1_AND_PRIMARY,"1104"
SBC-801,1105,11,EXISTS_CANONICAL,substantive,yes,CANONICAL_IN_V1_AND_PRIMARY,"1105"
SBC-801,1106,11,EXISTS_CANONICAL,substantive,yes,CANONICAL_IN_V1_AND_PRIMARY,"1106"
SBC-801,1108,11,PRESENT_BUT_NOT_CANONICAL,stub,yes,FRONTMATTER_ONLY_OR_STUB,"1108"
SBC-801,1108,11,QUARANTINED_UNVERIFIABLE,stub,yes,QUARANTINED_NEEDS_REVIEW,"1108"
SBC-801,101,1,EXISTS_CANONICAL,substantive,yes,CANONICAL_IN_V1_AND_PRIMARY,"101"
SBC-801,101.2,1,PRESENT_BUT_NOT_CANONICAL,stub,no,FRONTMATTER_ONLY_OR_STUB,"101.2"
SBC-801,101.4.7,1,PRESENT_BUT_NOT_CANONICAL,stub,no,FRONTMATTER_ONLY_OR_STUB,"101.4.7"
SBC-801,102,1,EXISTS_CANONICAL,substantive,yes,CANONICAL_IN_V1_AND_PRIMARY,"102"
SBC-801,102.3,1,PRESENT_BUT_NOT_CANONICAL,stub,no,FRONTMATTER_ONLY_OR_STUB,"102.3"
SBC-801,102.4,1,PRESENT_BUT_NOT_CANONICAL,stub,no,FRONTMATTER_ONLY_OR_STUB,"102.4"
SBC-801,102.7,1,PRESENT_BUT_NOT_CANONICAL,stub,no,FRONTMATTER_ONLY_OR_STUB,"102.7"
SBC-801,102.7.1,1,PRESENT_BUT_NOT_CANONICAL,stub,no,FRONTMATTER_ONLY_OR_STUB,"102.7.1"
SBC-801,102.7.2,1,PRESENT_BUT_NOT_CANONICAL,stub,no,FRONTMATTER_ONLY_OR_STUB,"102.7.2"
SBC-801,103,1,EXISTS_CANONICAL,substantive,yes,CANONICAL_IN_V1_AND_PRIMARY,"103"
SBC-801,103.1,1,PRESENT_BUT_NOT_CANONICAL,stub,no,FRONTMATTER_ONLY_OR_STUB,"103.1"
SBC-801,103.3,1,PRESENT_BUT_NOT_CANONICAL,stub,no,FRONTMATTER_ONLY_OR_STUB,"103.3"
SBC-801,104,1,EXISTS_CANONICAL,substantive,yes,CANONICAL_IN_V1_AND_PRIMARY,"104"
SBC-801,104.3,1,PRESENT_BUT_NOT_CANONICAL,stub,no,FRONTMATTER_ONLY_OR_STUB,"104.3"
SBC-801,104.4,1,PRESENT_BUT_NOT_CANONICAL,stub,no,FRONTMATTER_ONLY_OR_STUB,"104.4"
SBC-801,104.6,1,PRESENT_BUT_NOT_CANONICAL,stub,no,FRONTMATTER_ONLY_OR_STUB,"104.6"
SBC-801,104.7,1,PRESENT_BUT_NOT_CANONICAL,stub,no,FRONTMATTER_ONLY_OR_STUB,"104.7"
SBC-801,104.7.1,1,PRESENT_BUT_NOT_CANONICAL,stub,no,FRONTMATTER_ONLY_OR_STUB,"104.7.1"
SBC-801,104.8.2,1,PRESENT_BUT_NOT_CANONICAL,stub,no,FRONTMATTER_ONLY_OR_STUB,"104.8.2"
SBC-801,104.10.2,1,PRESENT_BUT_NOT_CANONICAL,stub,no,FRONTMATTER_ONLY_OR_STUB,"104.10.2"
SBC-801,104.12,1,PRESENT_BUT_NOT_CANONICAL,stub,no,FRONTMATTER_ONLY_OR_STUB,"104.12"
SBC-801,105,1,EXISTS_CANONICAL,substantive,yes,CANONICAL_IN_V1_AND_PRIMARY,"105"
SBC-801,105.1.5,1,PRESENT_BUT_NOT_CANONICAL,stub,no,FRONTMATTER_ONLY_OR_STUB,"105.1.5"
SBC-801,105.2,1,PRESENT_BUT_NOT_CANONICAL,stub,no,FRONTMATTER_ONLY_OR_STUB,"105.2"
SBC-801,105.2.1,1,PRESENT_BUT_NOT_CANONICAL,stub,no,FRONTMATTER_ONLY_OR_STUB,"105.2.1"
SBC-801,105.2.2,1,PRESENT_BUT_NOT_CANONICAL,stub,no,FRONTMATTER_ONLY_OR_STUB,"105.2.2"
SBC-801,105.2.4,1,PRESENT_BUT_NOT_CANONICAL,stub,no,FRONTMATTER_ONLY_OR_STUB,"105.2.4"
SBC-801,105.3,1,PRESENT_BUT_NOT_CANONICAL,stub,no,FRONTMATTER_ONLY_OR_STUB,"105.3"
SBC-801,105.3.5,1,PRESENT_BUT_NOT_CANONICAL,stub,no,FRONTMATTER_ONLY_OR_STUB,"105.3.5"
SBC-801,105.4,1,PRESENT_BUT_NOT_CANONICAL,stub,no,FRONTMATTER_ONLY_OR_STUB,"105.4"
SBC-801,105.5,1,PRESENT_BUT_NOT_CANONICAL,stub,no,FRONTMATTER_ONLY_OR_STUB,"105.5"
SBC-801,105.5.9,1,PRESENT_BUT_NOT_CANONICAL,stub,no,FRONTMATTER_ONLY_OR_STUB,"105.5.9"
SBC-801,105.5.16,1,PRESENT_BUT_NOT_CANONICAL,stub,no,FRONTMATTER_ONLY_OR_STUB,"105.5.16"
SBC-801,105.5.18,1,PRESENT_BUT_NOT_CANONICAL,stub,no,FRONTMATTER_ONLY_OR_STUB,"105.5.18"
SBC-801,105.6,1,PRESENT_BUT_NOT_CANONICAL,stub,no,FRONTMATTER_ONLY_OR_STUB,"105.6"
SBC-801,105.7,1,PRESENT_BUT_NOT_CANONICAL,stub,no,FRONTMATTER_ONLY_OR_STUB,"105.7"
SBC-801,106,1,EXISTS_CANONICAL,substantive,yes,CANONICAL_IN_V1_AND_PRIMARY,"106"
SBC-801,107,1,EXISTS_CANONICAL,substantive,yes,CANONICAL_IN_V1_AND_PRIMARY,"107"
SBC-801,107.2,1,PRESENT_BUT_NOT_CANONICAL,stub,no,FRONTMATTER_ONLY_OR_STUB,"107.2"
SBC-801,108,1,EXISTS_CANONICAL,substantive,yes,CANONICAL_IN_V1_AND_PRIMARY,"108"
SBC-801,109,1,EXISTS_CANONICAL,substantive,yes,CANONICAL_IN_V1_AND_PRIMARY,"109"
SBC-801,110,1,EXISTS_CANONICAL,substantive,yes,CANONICAL_IN_V1_AND_PRIMARY,"110"
SBC-801,111,1,EXISTS_CANONICAL,substantive,yes,CANONICAL_IN_V1_AND_PRIMARY,"111"
SBC-801,112,1,EXISTS_CANONICAL,substantive,yes,CANONICAL_IN_V1_AND_PRIMARY,"112"
SBC-801,112.3,1,PRESENT_BUT_NOT_CANONICAL,stub,no,FRONTMATTER_ONLY_OR_STUB,"112.3"
SBC-801,112.3,1,QUARANTINED_UNVERIFIABLE,stub,no,QUARANTINED_NEEDS_REVIEW,"112.3"
SBC-801,112.4,1,PRESENT_BUT_NOT_CANONICAL,stub,no,FRONTMATTER_ONLY_OR_STUB,"112.4"
SBC-801,112.4,1,QUARANTINED_UNVERIFIABLE,stub,no,QUARANTINED_NEEDS_REVIEW,"112.4"
SBC-801,113,1,EXISTS_CANONICAL,substantive,yes,CANONICAL_IN_V1_AND_PRIMARY,"113"
SBC-801,114,1,EXISTS_CANONICAL,substantive,yes,CANONICAL_IN_V1_AND_PRIMARY,"114"
SBC-801,114.1,1,PRESENT_BUT_NOT_CANONICAL,stub,no,FRONTMATTER_ONLY_OR_STUB,"114.1"
SBC-801,114.1,1,QUARANTINED_UNVERIFIABLE,stub,no,QUARANTINED_NEEDS_REVIEW,"114.1"
SBC-801,114.1.1,1,PRESENT_BUT_NOT_CANONICAL,stub,no,FRONTMATTER_ONLY_OR_STUB,"114.1.1"
SBC-801,114.1.1,1,QUARANTINED_UNVERIFIABLE,stub,no,QUARANTINED_NEEDS_REVIEW,"114.1.1"
SBC-801,114.3,1,PRESENT_BUT_NOT_CANONICAL,stub,no,FRONTMATTER_ONLY_OR_STUB,"114.3"
SBC-801,114.3,1,QUARANTINED_UNVERIFIABLE,stub,no,QUARANTINED_NEEDS_REVIEW,"114.3"
SBC-801,114.4,1,PRESENT_BUT_NOT_CANONICAL,stub,no,FRONTMATTER_ONLY_OR_STUB,"114.4"
SBC-801,114.4,1,QUARANTINED_UNVERIFIABLE,stub,no,QUARANTINED_NEEDS_REVIEW,"114.4"
SBC-801,120,1,QUARANTINED_UNVERIFIABLE,stub,yes,QUARANTINED_NEEDS_REVIEW,"120"
SBC-801,201,2,EXISTS_CANONICAL,substantive,yes,CANONICAL_IN_V1_AND_PRIMARY,"201"
SBC-801,202,2,EXISTS_CANONICAL,substantive,yes,CANONICAL_IN_V1_AND_PRIMARY,"202"
SBC-801,301,3,EXISTS_CANONICAL,substantive,yes,CANONICAL_IN_V1_AND_PRIMARY,"301"
SBC-801,302,3,EXISTS_CANONICAL,substantive,yes,CANONICAL_IN_V1_AND_PRIMARY,"302"
SBC-801,302.1,3,PRESENT_BUT_NOT_CANONICAL,stub,no,FRONTMATTER_ONLY_OR_STUB,"302.1"
SBC-801,303,3,EXISTS_CANONICAL,substantive,yes,CANONICAL_IN_V1_AND_PRIMARY,"303"
SBC-801,303.1,3,PRESENT_BUT_NOT_CANONICAL,stub,no,FRONTMATTER_ONLY_OR_STUB,"303.1"
SBC-801,303.1.3,3,PRESENT_BUT_NOT_CANONICAL,stub,no,FRONTMATTER_ONLY_OR_STUB,"303.1.3"
SBC-801,303.4,3,PRESENT_BUT_NOT_CANONICAL,stub,no,FRONTMATTER_ONLY_OR_STUB,"303.4"
SBC-801,304,3,EXISTS_CANONICAL,substantive,yes,CANONICAL_IN_V1_AND_PRIMARY,"304"
SBC-801,304.1,3,PRESENT_BUT_NOT_CANONICAL,stub,no,FRONTMATTER_ONLY_OR_STUB,"304.1"
SBC-801,305,3,EXISTS_CANONICAL,substantive,yes,CANONICAL_IN_V1_AND_PRIMARY,"305"
SBC-801,306,3,EXISTS_CANONICAL,substantive,yes,CANONICAL_IN_V1_AND_PRIMARY,"306"
SBC-801,307,3,EXISTS_CANONICAL,substantive,yes,CANONICAL_IN_V1_AND_PRIMARY,"307"
SBC-801,307.1,3,PRESENT_BUT_NOT_CANONICAL,stub,no,FRONTMATTER_ONLY_OR_STUB,"307.1"
SBC-801,307.1.1,3,PRESENT_BUT_NOT_CANONICAL,stub,no,FRONTMATTER_ONLY_OR_STUB,"307.1.1"
SBC-801,307.4,3,PRESENT_BUT_NOT_CANONICAL,stub,no,FRONTMATTER_ONLY_OR_STUB,"307.4"
SBC-801,307.6,3,PRESENT_BUT_NOT_CANONICAL,stub,no,FRONTMATTER_ONLY_OR_STUB,"307.6"
SBC-801,307.8,3,PRESENT_BUT_NOT_CANONICAL,stub,no,FRONTMATTER_ONLY_OR_STUB,"307.8"
SBC-801,308,3,EXISTS_CANONICAL,substantive,yes,CANONICAL_IN_V1_AND_PRIMARY,"308"
SBC-801,308.1.6.3,3,PRESENT_BUT_NOT_CANONICAL,stub,no,FRONTMATTER_ONLY_OR_STUB,"308.1.6.3"
SBC-801,308.2,3,PRESENT_BUT_NOT_CANONICAL,stub,no,FRONTMATTER_ONLY_OR_STUB,"308.2"
SBC-801,308.2.4,3,PRESENT_BUT_NOT_CANONICAL,stub,no,FRONTMATTER_ONLY_OR_STUB,"308.2.4"
SBC-801,308.5.4,3,PRESENT_BUT_NOT_CANONICAL,stub,no,FRONTMATTER_ONLY_OR_STUB,"308.5.4"
SBC-801,309,3,EXISTS_CANONICAL,substantive,yes,CANONICAL_IN_V1_AND_PRIMARY,"309"
SBC-801,309.1,3,PRESENT_BUT_NOT_CANONICAL,stub,no,FRONTMATTER_ONLY_OR_STUB,"309.1"
SBC-801,310,3,EXISTS_CANONICAL,substantive,yes,CANONICAL_IN_V1_AND_PRIMARY,"310"
SBC-801,310.4,3,PRESENT_BUT_NOT_CANONICAL,stub,no,FRONTMATTER_ONLY_OR_STUB,"310.4"
SBC-801,310.4.1,3,PRESENT_BUT_NOT_CANONICAL,stub,no,FRONTMATTER_ONLY_OR_STUB,"310.4.1"
SBC-801,310.4.2,3,PRESENT_BUT_NOT_CANONICAL,stub,no,FRONTMATTER_ONLY_OR_STUB,"310.4.2"
SBC-801,310.5,3,PRESENT_BUT_NOT_CANONICAL,stub,no,FRONTMATTER_ONLY_OR_STUB,"310.5"
SBC-801,311,3,EXISTS_CANONICAL,substantive,yes,CANONICAL_IN_V1_AND_PRIMARY,"311"
SBC-801,311.1.1,3,PRESENT_BUT_NOT_CANONICAL,stub,no,FRONTMATTER_ONLY_OR_STUB,"311.1.1"
SBC-801,312,3,EXISTS_CANONICAL,substantive,yes,CANONICAL_IN_V1_AND_PRIMARY,"312"
SBC-801,313,3,EXISTS_CANONICAL,substantive,yes,CANONICAL_IN_V1_AND_PRIMARY,"313"
SBC-801,314,3,EXISTS_CANONICAL,substantive,yes,CANONICAL_IN_V1_AND_PRIMARY,"314"
SBC-801,314.4,3,PRESENT_BUT_NOT_CANONICAL,stub,no,FRONTMATTER_ONLY_OR_STUB,"314.4"
SBC-801,315,3,EXISTS_CANONICAL,substantive,yes,CANONICAL_IN_V1_AND_PRIMARY,"315"
SBC-801,316,3,EXISTS_CANONICAL,substantive,yes,CANONICAL_IN_V1_AND_PRIMARY,"316"
SBC-801,317,3,EXISTS_CANONICAL,substantive,yes,CANONICAL_IN_V1_AND_PRIMARY,"317"
SBC-801,318,3,EXISTS_CANONICAL,substantive,yes,CANONICAL_IN_V1_AND_PRIMARY,"318"
SBC-801,319,3,EXISTS_CANONICAL,substantive,yes,CANONICAL_IN_V1_AND_PRIMARY,"319"
SBC-801,320,3,EXISTS_CANONICAL,substantive,yes,CANONICAL_IN_V1_AND_PRIMARY,"320"
SBC-801,320.3,3,PRESENT_BUT_NOT_CANONICAL,stub,no,FRONTMATTER_ONLY_OR_STUB,"320.3"
SBC-801,321,3,EXISTS_CANONICAL,substantive,yes,CANONICAL_IN_V1_AND_PRIMARY,"321"
SBC-801,401,4,EXISTS_CANONICAL,substantive,yes,CANONICAL_IN_V1_AND_PRIMARY,"401"
SBC-801,402,4,EXISTS_CANONICAL,substantive,yes,CANONICAL_IN_V1_AND_PRIMARY,"402"
SBC-801,403,4,EXISTS_CANONICAL,substantive,yes,CANONICAL_IN_V1_AND_PRIMARY,"403"
SBC-801,403.5,4,PRESENT_BUT_NOT_CANONICAL,stub,no,FRONTMATTER_ONLY_OR_STUB,"403.5"
SBC-801,403.5.2,4,PRESENT_BUT_NOT_CANONICAL,stub,no,FRONTMATTER_ONLY_OR_STUB,"403.5.2"
SBC-801,403.5.5,4,PRESENT_BUT_NOT_CANONICAL,stub,no,FRONTMATTER_ONLY_OR_STUB,"403.5.5"
SBC-801,404,4,EXISTS_CANONICAL,substantive,yes,CANONICAL_IN_V1_AND_PRIMARY,"404"
SBC-801,404.2.3,4,PRESENT_BUT_NOT_CANONICAL,stub,no,FRONTMATTER_ONLY_OR_STUB,"404.2.3"
SBC-801,404.6,4,PRESENT_BUT_NOT_CANONICAL,stub,no,FRONTMATTER_ONLY_OR_STUB,"404.6"
SBC-801,405,4,EXISTS_CANONICAL,substantive,yes,CANONICAL_IN_V1_AND_PRIMARY,"405"
SBC-801,406,4,EXISTS_CANONICAL,substantive,yes,CANONICAL_IN_V1_AND_PRIMARY,"406"
SBC-801,406.3,4,PRESENT_BUT_NOT_CANONICAL,stub,no,FRONTMATTER_ONLY_OR_STUB,"406.3"
SBC-801,406.4,4,PRESENT_BUT_NOT_CANONICAL,stub,no,FRONTMATTER_ONLY_OR_STUB,"406.4"
SBC-801,406.5,4,PRESENT_BUT_NOT_CANONICAL,stub,no,FRONTMATTER_ONLY_OR_STUB,"406.5"
SBC-801,406.5.2,4,PRESENT_BUT_NOT_CANONICAL,stub,no,FRONTMATTER_ONLY_OR_STUB,"406.5.2"
SBC-801,406.6,4,PRESENT_BUT_NOT_CANONICAL,stub,no,FRONTMATTER_ONLY_OR_STUB,"406.6"
SBC-801,406.7,4,PRESENT_BUT_NOT_CANONICAL,stub,no,FRONTMATTER_ONLY_OR_STUB,"406.7"
SBC-801,406.7.2.1,4,PRESENT_BUT_NOT_CANONICAL,stub,no,FRONTMATTER_ONLY_OR_STUB,"406.7.2.1"
SBC-801,406.8,4,PRESENT_BUT_NOT_CANONICAL,stub,no,FRONTMATTER_ONLY_OR_STUB,"406.8"
SBC-801,407,4,EXISTS_CANONICAL,substantive,yes,CANONICAL_IN_V1_AND_PRIMARY,"407"
SBC-801,407.4.4,4,PRESENT_BUT_NOT_CANONICAL,stub,no,FRONTMATTER_ONLY_OR_STUB,"407.4.4"
SBC-801,408,4,QUARANTINED_UNVERIFIABLE,stub,yes,QUARANTINED_NEEDS_REVIEW,"408"
SBC-801,409,4,QUARANTINED_UNVERIFIABLE,missing,yes,QUARANTINED_NEEDS_REVIEW,"409"
SBC-801,410,4,QUARANTINED_UNVERIFIABLE,stub,yes,QUARANTINED_NEEDS_REVIEW,"410"
SBC-801,411,4,QUARANTINED_UNVERIFIABLE,stub,yes,QUARANTINED_NEEDS_REVIEW,"411"
SBC-801,412,4,QUARANTINED_UNVERIFIABLE,missing,yes,QUARANTINED_NEEDS_REVIEW,"412"
SBC-801,412.2,4,PRESENT_BUT_NOT_CANONICAL,stub,no,FRONTMATTER_ONLY_OR_STUB,"412.2"
SBC-801,412.3,4,PRESENT_BUT_NOT_CANONICAL,stub,no,FRONTMATTER_ONLY_OR_STUB,"412.3"
SBC-801,412.4,4,PRESENT_BUT_NOT_CANONICAL,stub,no,FRONTMATTER_ONLY_OR_STUB,"412.4"
SBC-801,412.5,4,PRESENT_BUT_NOT_CANONICAL,stub,no,FRONTMATTER_ONLY_OR_STUB,"412.5"
SBC-801,412.6,4,PRESENT_BUT_NOT_CANONICAL,stub,no,FRONTMATTER_ONLY_OR_STUB,"412.6"
SBC-801,413,4,QUARANTINED_UNVERIFIABLE,stub,yes,QUARANTINED_NEEDS_REVIEW,"413"
SBC-801,414,4,QUARANTINED_UNVERIFIABLE,stub,yes,QUARANTINED_NEEDS_REVIEW,"414"
SBC-801,414.1.3,4,PRESENT_BUT_NOT_CANONICAL,stub,no,FRONTMATTER_ONLY_OR_STUB,"414.1.3"
SBC-801,414.2,4,PRESENT_BUT_NOT_CANONICAL,stub,no,FRONTMATTER_ONLY_OR_STUB,"414.2"
SBC-801,414.6,4,PRESENT_BUT_NOT_CANONICAL,stub,no,FRONTMATTER_ONLY_OR_STUB,"414.6"
SBC-801,415,4,QUARANTINED_UNVERIFIABLE,stub,yes,QUARANTINED_NEEDS_REVIEW,"415"
SBC-801,415.7,4,PRESENT_BUT_NOT_CANONICAL,stub,no,FRONTMATTER_ONLY_OR_STUB,"415.7"
SBC-801,415.11,4,PRESENT_BUT_NOT_CANONICAL,stub,no,FRONTMATTER_ONLY_OR_STUB,"415.11"
SBC-801,416,4,QUARANTINED_UNVERIFIABLE,stub,yes,QUARANTINED_NEEDS_REVIEW,"416"
SBC-801,417,4,QUARANTINED_UNVERIFIABLE,missing,no,QUARANTINED_NEEDS_REVIEW,"417"
SBC-801,418,4,QUARANTINED_UNVERIFIABLE,missing,yes,QUARANTINED_NEEDS_REVIEW,"418"
SBC-801,419,4,QUARANTINED_UNVERIFIABLE,missing,yes,QUARANTINED_NEEDS_REVIEW,"419"
SBC-801,420,4,QUARANTINED_UNVERIFIABLE,stub,yes,QUARANTINED_NEEDS_REVIEW,"420"
SBC-801,421,4,QUARANTINED_UNVERIFIABLE,missing,yes,QUARANTINED_NEEDS_REVIEW,"421"
SBC-801,422,4,QUARANTINED_UNVERIFIABLE,stub,yes,QUARANTINED_NEEDS_REVIEW,"422"
SBC-801,423,4,QUARANTINED_UNVERIFIABLE,missing,no,QUARANTINED_NEEDS_REVIEW,"423"
SBC-801,424,4,QUARANTINED_UNVERIFIABLE,missing,no,QUARANTINED_NEEDS_REVIEW,"424"
SBC-801,425,4,QUARANTINED_UNVERIFIABLE,missing,no,QUARANTINED_NEEDS_REVIEW,"425"
SBC-801,426,4,QUARANTINED_UNVERIFIABLE,missing,no,QUARANTINED_NEEDS_REVIEW,"426"
SBC-801,427,4,QUARANTINED_UNVERIFIABLE,missing,no,QUARANTINED_NEEDS_REVIEW,"427"
SBC-801,428,4,QUARANTINED_UNVERIFIABLE,stub,yes,QUARANTINED_NEEDS_REVIEW,"428"
SBC-801,501,5,EXISTS_CANONICAL,substantive,yes,CANONICAL_IN_V1_AND_PRIMARY,"501"
SBC-801,502,5,EXISTS_CANONICAL,substantive,yes,CANONICAL_IN_V1_AND_PRIMARY,"502"
SBC-801,503,5,EXISTS_CANONICAL,substantive,yes,CANONICAL_IN_V1_AND_PRIMARY,"503"
SBC-801,503.1.1,5,PRESENT_BUT_NOT_CANONICAL,stub,no,FRONTMATTER_ONLY_OR_STUB,"503.1.1"
SBC-801,503.2.3,5,PRESENT_BUT_NOT_CANONICAL,stub,no,FRONTMATTER_ONLY_OR_STUB,"503.2.3"
SBC-801,504,5,EXISTS_CANONICAL,substantive,yes,CANONICAL_IN_V1_AND_PRIMARY,"504"
SBC-801,505,5,EXISTS_CANONICAL,substantive,yes,CANONICAL_IN_V1_AND_PRIMARY,"505"
SBC-801,505.3,5,PRESENT_BUT_NOT_CANONICAL,stub,no,FRONTMATTER_ONLY_OR_STUB,"505.3"
SBC-801,506,5,EXISTS_CANONICAL,substantive,yes,CANONICAL_IN_V1_AND_PRIMARY,"506"
SBC-801,506.1,5,PRESENT_BUT_NOT_CANONICAL,stub,no,FRONTMATTER_ONLY_OR_STUB,"506.1"
SBC-801,506.2,5,PRESENT_BUT_NOT_CANONICAL,stub,no,FRONTMATTER_ONLY_OR_STUB,"506.2"
SBC-801,507,5,EXISTS_CANONICAL,substantive,yes,CANONICAL_IN_V1_AND_PRIMARY,"507"
SBC-801,507.3,5,PRESENT_BUT_NOT_CANONICAL,stub,no,FRONTMATTER_ONLY_OR_STUB,"507.3"
SBC-801,507.5,5,PRESENT_BUT_NOT_CANONICAL,stub,no,FRONTMATTER_ONLY_OR_STUB,"507.5"
SBC-801,508,5,EXISTS_CANONICAL,substantive,yes,CANONICAL_IN_V1_AND_PRIMARY,"508"
SBC-801,508.1,5,PRESENT_BUT_NOT_CANONICAL,stub,no,FRONTMATTER_ONLY_OR_STUB,"508.1"
SBC-801,508.2,5,PRESENT_BUT_NOT_CANONICAL,stub,no,FRONTMATTER_ONLY_OR_STUB,"508.2"
SBC-801,508.5,5,PRESENT_BUT_NOT_CANONICAL,stub,no,FRONTMATTER_ONLY_OR_STUB,"508.5"
SBC-801,509,5,EXISTS_CANONICAL,substantive,yes,CANONICAL_IN_V1_AND_PRIMARY,"509"
SBC-801,510,5,EXISTS_CANONICAL,substantive,yes,CANONICAL_IN_V1_AND_PRIMARY,"510"
SBC-801,510.4.1,5,PRESENT_BUT_NOT_CANONICAL,stub,no,FRONTMATTER_ONLY_OR_STUB,"510.4.1"
SBC-801,510.4.2.4,5,PRESENT_BUT_NOT_CANONICAL,stub,no,FRONTMATTER_ONLY_OR_STUB,"510.4.2.4"
SBC-801,510.4.2.5,5,PRESENT_BUT_NOT_CANONICAL,stub,no,FRONTMATTER_ONLY_OR_STUB,"510.4.2.5"
SBC-801,601,6,EXISTS_CANONICAL,substantive,yes,CANONICAL_IN_V1_AND_PRIMARY,"601"
SBC-801,602,6,EXISTS_CANONICAL,substantive,yes,CANONICAL_IN_V1_AND_PRIMARY,"602"
SBC-801,603,6,EXISTS_CANONICAL,substantive,yes,CANONICAL_IN_V1_AND_PRIMARY,"603"
SBC-801,603.5.2,6,PRESENT_BUT_NOT_CANONICAL,stub,no,FRONTMATTER_ONLY_OR_STUB,"603.5.2"
SBC-801,604,6,EXISTS_CANONICAL,substantive,yes,CANONICAL_IN_V1_AND_PRIMARY,"604"
SBC-801,605,6,EXISTS_CANONICAL,substantive,yes,CANONICAL_IN_V1_AND_PRIMARY,"605"
SBC-801,605.2.1.1,6,PRESENT_BUT_NOT_CANONICAL,stub,no,FRONTMATTER_ONLY_OR_STUB,"605.2.1.1"
SBC-801,606,6,EXISTS_CANONICAL,substantive,yes,CANONICAL_IN_V1_AND_PRIMARY,"606"
SBC-801,607,6,EXISTS_CANONICAL,substantive,yes,CANONICAL_IN_V1_AND_PRIMARY,"607"
SBC-801,608,6,EXISTS_CANONICAL,substantive,yes,CANONICAL_IN_V1_AND_PRIMARY,"608"
SBC-801,609,6,EXISTS_CANONICAL,substantive,yes,CANONICAL_IN_V1_AND_PRIMARY,"609"
SBC-801,610,6,EXISTS_CANONICAL,substantive,yes,CANONICAL_IN_V1_AND_PRIMARY,"610"
SBC-801,701,7,EXISTS_CANONICAL,substantive,yes,CANONICAL_IN_V1_AND_PRIMARY,"701"
SBC-801,702,7,EXISTS_CANONICAL,substantive,yes,CANONICAL_IN_V1_AND_PRIMARY,"702"
SBC-801,703,7,EXISTS_CANONICAL,substantive,yes,CANONICAL_IN_V1_AND_PRIMARY,"703"
SBC-801,704,7,EXISTS_CANONICAL,substantive,yes,CANONICAL_IN_V1_AND_PRIMARY,"704"
SBC-801,705,7,EXISTS_CANONICAL,substantive,yes,CANONICAL_IN_V1_AND_PRIMARY,"705"
SBC-801,706,7,EXISTS_CANONICAL,substantive,yes,CANONICAL_IN_V1_AND_PRIMARY,"706"
SBC-801,707,7,EXISTS_CANONICAL,substantive,yes,CANONICAL_IN_V1_AND_PRIMARY,"707"
SBC-801,707.3.10,7,QUARANTINED_UNVERIFIABLE,stub,no,QUARANTINED_NEEDS_REVIEW,"707.3.10"
SBC-801,708,7,EXISTS_CANONICAL,substantive,yes,CANONICAL_IN_V1_AND_PRIMARY,"708"
SBC-801,711,7,QUARANTINED_UNVERIFIABLE,stub,yes,QUARANTINED_NEEDS_REVIEW,"711"
SBC-801,711.2.4,7,QUARANTINED_UNVERIFIABLE,stub,no,QUARANTINED_NEEDS_REVIEW,"711.2.4"
SBC-801,716,7,QUARANTINED_UNVERIFIABLE,stub,yes,QUARANTINED_NEEDS_REVIEW,"716"
SBC-801,716.2.6.4,7,QUARANTINED_UNVERIFIABLE,stub,no,QUARANTINED_NEEDS_REVIEW,"716.2.6.4"
SBC-801,718,7,QUARANTINED_UNVERIFIABLE,stub,no,QUARANTINED_NEEDS_REVIEW,"718"
SBC-801,718.2,7,QUARANTINED_UNVERIFIABLE,stub,no,QUARANTINED_NEEDS_REVIEW,"718.2"
SBC-801,801,8,EXISTS_CANONICAL,substantive,yes,CANONICAL_IN_V1_AND_PRIMARY,"801"
SBC-801,802,8,EXISTS_CANONICAL,substantive,yes,CANONICAL_IN_V1_AND_PRIMARY,"802"
SBC-801,803,8,EXISTS_CANONICAL,substantive,yes,CANONICAL_IN_V1_AND_PRIMARY,"803"
SBC-801,803.10,8,QUARANTINED_UNVERIFIABLE,stub,no,QUARANTINED_NEEDS_REVIEW,"803.10"
SBC-801,804,8,EXISTS_CANONICAL,substantive,yes,CANONICAL_IN_V1_AND_PRIMARY,"804"
SBC-801,804.4,8,QUARANTINED_UNVERIFIABLE,stub,no,QUARANTINED_NEEDS_REVIEW,"804.4"
SBC-801,805,8,EXISTS_CANONICAL,substantive,yes,CANONICAL_IN_V1_AND_PRIMARY,"805"
SBC-801,806,8,EXISTS_CANONICAL,substantive,yes,CANONICAL_IN_V1_AND_PRIMARY,"806"
SBC-801,807,8,EXISTS_CANONICAL,substantive,yes,CANONICAL_IN_V1_AND_PRIMARY,"807"
SBC-801,808,8,EXISTS_CANONICAL,substantive,yes,CANONICAL_IN_V1_AND_PRIMARY,"808"
SBC-801,1202,12,PRESENT_BUT_NOT_CANONICAL,stub,no,FRONTMATTER_ONLY_OR_STUB,"1202"
SBC-801,1203,12,PRESENT_BUT_NOT_CANONICAL,stub,no,FRONTMATTER_ONLY_OR_STUB,"1203"
SBC-801,1203.3,12,PRESENT_BUT_NOT_CANONICAL,stub,no,FRONTMATTER_ONLY_OR_STUB,"1203.3"
SBC-801,1204,12,PRESENT_BUT_NOT_CANONICAL,stub,no,FRONTMATTER_ONLY_OR_STUB,"1204"
SBC-801,1205,12,PRESENT_BUT_NOT_CANONICAL,stub,no,FRONTMATTER_ONLY_OR_STUB,"1205"
SBC-801,1205.1,12,PRESENT_BUT_NOT_CANONICAL,stub,no,FRONTMATTER_ONLY_OR_STUB,"1205.1"
SBC-801,1206,12,PRESENT_BUT_NOT_CANONICAL,stub,no,FRONTMATTER_ONLY_OR_STUB,"1206"
SBC-801,1207,12,PRESENT_BUT_NOT_CANONICAL,stub,no,FRONTMATTER_ONLY_OR_STUB,"1207"
SBC-801,1207.6.4,12,PRESENT_BUT_NOT_CANONICAL,stub,no,FRONTMATTER_ONLY_OR_STUB,"1207.6.4"
SBC-801,1207.10,12,PRESENT_BUT_NOT_CANONICAL,stub,no,FRONTMATTER_ONLY_OR_STUB,"1207.10"
SBC-801,1209,12,PRESENT_BUT_NOT_CANONICAL,stub,no,FRONTMATTER_ONLY_OR_STUB,"1209"
SBC-801,1511,15,PRESENT_BUT_NOT_CANONICAL,stub,no,FRONTMATTER_ONLY_OR_STUB,"1511"
SBC-801,1511.2,15,PRESENT_BUT_NOT_CANONICAL,stub,no,FRONTMATTER_ONLY_OR_STUB,"1511.2"
SBC-801,1607,16,PRESENT_BUT_NOT_CANONICAL,stub,no,FRONTMATTER_ONLY_OR_STUB,"1607"
SBC-801,1607.7,16,PRESENT_BUT_NOT_CANONICAL,stub,no,FRONTMATTER_ONLY_OR_STUB,"1607.7"
SBC-801,1607.9,16,PRESENT_BUT_NOT_CANONICAL,stub,no,FRONTMATTER_ONLY_OR_STUB,"1607.9"
SBC-801,1607.14.3,16,PRESENT_BUT_NOT_CANONICAL,stub,no,FRONTMATTER_ONLY_OR_STUB,"1607.14.3"
SBC-801,2007,20,PRESENT_BUT_NOT_CANONICAL,stub,no,FRONTMATTER_ONLY_OR_STUB,"2007"
SBC-801,2301.1,23,PRESENT_BUT_NOT_CANONICAL,stub,no,FRONTMATTER_ONLY_OR_STUB,"2301.1"
SBC-801,2306.8,23,PRESENT_BUT_NOT_CANONICAL,stub,no,FRONTMATTER_ONLY_OR_STUB,"2306.8"
SBC-801,2308,23,PRESENT_BUT_NOT_CANONICAL,stub,no,FRONTMATTER_ONLY_OR_STUB,"2308"
SBC-801,2311,23,PRESENT_BUT_NOT_CANONICAL,stub,yes,FRONTMATTER_ONLY_OR_STUB,"2311"
SBC-801,2404,24,PRESENT_BUT_NOT_CANONICAL,stub,no,FRONTMATTER_ONLY_OR_STUB,"2404"
SBC-801,2404.9,24,PRESENT_BUT_NOT_CANONICAL,stub,no,FRONTMATTER_ONLY_OR_STUB,"2404.9"
SBC-801,2405,24,PRESENT_BUT_NOT_CANONICAL,stub,no,FRONTMATTER_ONLY_OR_STUB,"2405"
SBC-801,2406,24,PRESENT_BUT_NOT_CANONICAL,stub,no,FRONTMATTER_ONLY_OR_STUB,"2406"
SBC-801,2501.1,25,PRESENT_BUT_NOT_CANONICAL,stub,no,FRONTMATTER_ONLY_OR_STUB,"2501.1"
SBC-801,2808,28,PRESENT_BUT_NOT_CANONICAL,stub,no,FRONTMATTER_ONLY_OR_STUB,"2808"
SBC-801,2809,28,PRESENT_BUT_NOT_CANONICAL,stub,no,FRONTMATTER_ONLY_OR_STUB,"2809"
SBC-801,2904,29,PRESENT_BUT_NOT_CANONICAL,stub,no,FRONTMATTER_ONLY_OR_STUB,"2904"
SBC-801,2906.4,29,PRESENT_BUT_NOT_CANONICAL,stub,no,FRONTMATTER_ONLY_OR_STUB,"2906.4"
SBC-801,3103,31,PRESENT_BUT_NOT_CANONICAL,stub,no,FRONTMATTER_ONLY_OR_STUB,"3103"
SBC-801,3103.2,31,PRESENT_BUT_NOT_CANONICAL,stub,no,FRONTMATTER_ONLY_OR_STUB,"3103.2"
SBC-801,3103.3,31,PRESENT_BUT_NOT_CANONICAL,stub,no,FRONTMATTER_ONLY_OR_STUB,"3103.3"
SBC-801,3105,31,PRESENT_BUT_NOT_CANONICAL,stub,yes,FRONTMATTER_ONLY_OR_STUB,"3105"
SBC-801,3106,31,PRESENT_BUT_NOT_CANONICAL,stub,no,FRONTMATTER_ONLY_OR_STUB,"3106"
SBC-801,3201.3,32,PRESENT_BUT_NOT_CANONICAL,stub,no,FRONTMATTER_ONLY_OR_STUB,"3201.3"
SBC-801,3202,32,PRESENT_BUT_NOT_CANONICAL,stub,no,FRONTMATTER_ONLY_OR_STUB,"3202"
SBC-801,3203,32,PRESENT_BUT_NOT_CANONICAL,stub,no,FRONTMATTER_ONLY_OR_STUB,"3203"
SBC-801,3206.10,32,PRESENT_BUT_NOT_CANONICAL,stub,no,FRONTMATTER_ONLY_OR_STUB,"3206.10"
SBC-801,3209.4,32,PRESENT_BUT_NOT_CANONICAL,stub,no,FRONTMATTER_ONLY_OR_STUB,"3209.4"
SBC-801,3305,33,PRESENT_BUT_NOT_CANONICAL,stub,yes,FRONTMATTER_ONLY_OR_STUB,"3305"
SBC-801,3503,35,PRESENT_BUT_NOT_CANONICAL,stub,no,FRONTMATTER_ONLY_OR_STUB,"3503"
SBC-801,3503.3,35,PRESENT_BUT_NOT_CANONICAL,stub,no,FRONTMATTER_ONLY_OR_STUB,"3503.3"
SBC-801,3510,35,PRESENT_BUT_NOT_CANONICAL,stub,no,FRONTMATTER_ONLY_OR_STUB,"3510"
SBC-801,3705,37,PRESENT_BUT_NOT_CANONICAL,stub,no,FRONTMATTER_ONLY_OR_STUB,"3705"
SBC-801,5001.1,50,PRESENT_BUT_NOT_CANONICAL,stub,no,FRONTMATTER_ONLY_OR_STUB,"5001.1"
SBC-801,5003.2.1,50,PRESENT_BUT_NOT_CANONICAL,stub,no,FRONTMATTER_ONLY_OR_STUB,"5003.2.1"
SBC-801,5003.5,50,PRESENT_BUT_NOT_CANONICAL,stub,no,FRONTMATTER_ONLY_OR_STUB,"5003.5"
SBC-801,5003.8.2,50,PRESENT_BUT_NOT_CANONICAL,stub,no,FRONTMATTER_ONLY_OR_STUB,"5003.8.2"
SBC-801,5003.8.3,50,PRESENT_BUT_NOT_CANONICAL,stub,no,FRONTMATTER_ONLY_OR_STUB,"5003.8.3"
SBC-801,5003.8.3.5,50,PRESENT_BUT_NOT_CANONICAL,stub,no,FRONTMATTER_ONLY_OR_STUB,"5003.8.3.5"
SBC-801,5003.8.5,50,PRESENT_BUT_NOT_CANONICAL,stub,no,FRONTMATTER_ONLY_OR_STUB,"5003.8.5"
SBC-801,5003.9.10,50,PRESENT_BUT_NOT_CANONICAL,stub,no,FRONTMATTER_ONLY_OR_STUB,"5003.9.10"
SBC-801,5003.11,50,PRESENT_BUT_NOT_CANONICAL,stub,no,FRONTMATTER_ONLY_OR_STUB,"5003.11"
SBC-801,5004,50,PRESENT_BUT_NOT_CANONICAL,stub,no,FRONTMATTER_ONLY_OR_STUB,"5004"
SBC-801,5101.4,51,PRESENT_BUT_NOT_CANONICAL,stub,no,FRONTMATTER_ONLY_OR_STUB,"5101.4"
SBC-801,5103,51,PRESENT_BUT_NOT_CANONICAL,stub,no,FRONTMATTER_ONLY_OR_STUB,"5103"
SBC-801,5104.4,51,PRESENT_BUT_NOT_CANONICAL,stub,no,FRONTMATTER_ONLY_OR_STUB,"5104.4"
SBC-801,5303.5.3,53,PRESENT_BUT_NOT_CANONICAL,stub,no,FRONTMATTER_ONLY_OR_STUB,"5303.5.3"
SBC-801,5307.4,53,PRESENT_BUT_NOT_CANONICAL,stub,no,FRONTMATTER_ONLY_OR_STUB,"5307.4"
SBC-801,5307.4.3,53,PRESENT_BUT_NOT_CANONICAL,stub,no,FRONTMATTER_ONLY_OR_STUB,"5307.4.3"
SBC-801,5601.1,56,PRESENT_BUT_NOT_CANONICAL,stub,no,FRONTMATTER_ONLY_OR_STUB,"5601.1"
SBC-801,5601.2.3,56,PRESENT_BUT_NOT_CANONICAL,stub,no,FRONTMATTER_ONLY_OR_STUB,"5601.2.3"
SBC-801,5601.4,56,PRESENT_BUT_NOT_CANONICAL,stub,no,FRONTMATTER_ONLY_OR_STUB,"5601.4"
SBC-801,5602,56,PRESENT_BUT_NOT_CANONICAL,stub,no,FRONTMATTER_ONLY_OR_STUB,"5602"
SBC-801,5604,56,PRESENT_BUT_NOT_CANONICAL,stub,yes,FRONTMATTER_ONLY_OR_STUB,"5604"
SBC-801,5604.5.1.3,56,PRESENT_BUT_NOT_CANONICAL,stub,no,FRONTMATTER_ONLY_OR_STUB,"5604.5.1.3"
SBC-801,5605.1,56,PRESENT_BUT_NOT_CANONICAL,stub,no,FRONTMATTER_ONLY_OR_STUB,"5605.1"
SBC-801,5605.3,56,PRESENT_BUT_NOT_CANONICAL,stub,no,FRONTMATTER_ONLY_OR_STUB,"5605.3"
SBC-801,5606,56,PRESENT_BUT_NOT_CANONICAL,stub,no,FRONTMATTER_ONLY_OR_STUB,"5606"
SBC-801,5606.4,56,PRESENT_BUT_NOT_CANONICAL,stub,no,FRONTMATTER_ONLY_OR_STUB,"5606.4"
SBC-801,5608,56,PRESENT_BUT_NOT_CANONICAL,stub,no,FRONTMATTER_ONLY_OR_STUB,"5608"
SBC-801,5608.9,56,PRESENT_BUT_NOT_CANONICAL,stub,no,FRONTMATTER_ONLY_OR_STUB,"5608.9"
SBC-801,5703.6.2,57,PRESENT_BUT_NOT_CANONICAL,stub,no,FRONTMATTER_ONLY_OR_STUB,"5703.6.2"
SBC-801,5704.2.7,57,PRESENT_BUT_NOT_CANONICAL,stub,no,FRONTMATTER_ONLY_OR_STUB,"5704.2.7"
SBC-801,5704.3.4.1,57,PRESENT_BUT_NOT_CANONICAL,stub,no,FRONTMATTER_ONLY_OR_STUB,"5704.3.4.1"
SBC-801,5704.3.8,57,PRESENT_BUT_NOT_CANONICAL,stub,no,FRONTMATTER_ONLY_OR_STUB,"5704.3.8"
SBC-801,5706,57,PRESENT_BUT_NOT_CANONICAL,stub,no,FRONTMATTER_ONLY_OR_STUB,"5706"
SBC-801,5706.5,57,PRESENT_BUT_NOT_CANONICAL,stub,no,FRONTMATTER_ONLY_OR_STUB,"5706.5"
SBC-801,5706.5.4.5,57,PRESENT_BUT_NOT_CANONICAL,stub,no,FRONTMATTER_ONLY_OR_STUB,"5706.5.4.5"
SBC-801,5707,57,PRESENT_BUT_NOT_CANONICAL,stub,no,FRONTMATTER_ONLY_OR_STUB,"5707"
SBC-801,5807,58,PRESENT_BUT_NOT_CANONICAL,stub,no,FRONTMATTER_ONLY_OR_STUB,"5807"
SBC-801,5906,59,PRESENT_BUT_NOT_CANONICAL,stub,no,FRONTMATTER_ONLY_OR_STUB,"5906"
SBC-801,6004.2.2.10,60,PRESENT_BUT_NOT_CANONICAL,stub,no,FRONTMATTER_ONLY_OR_STUB,"6004.2.2.10"
SBC-801,6005,60,PRESENT_BUT_NOT_CANONICAL,stub,no,FRONTMATTER_ONLY_OR_STUB,"6005"
SBC-801,6301.1,63,PRESENT_BUT_NOT_CANONICAL,stub,no,FRONTMATTER_ONLY_OR_STUB,"6301.1"
SBC-801,6304.2.1.1,63,PRESENT_BUT_NOT_CANONICAL,stub,no,FRONTMATTER_ONLY_OR_STUB,"6304.2.1.1"
